rank,priority_tier,day,ew,pp,tt,mpv,mpv_error,auto_flag,reasons,leave_one_out_constant_shift,leave_one_out_pull,source,source_file,input_file,input_line,action
1,1,168,0,11,31,135.911682,0.359386,not_flagged,large_leave_one_out_pull,1.4852681292601915,9.429253707791688,yuno,NmipConstantsDay162_168_changed.txt,/Users/dchenmac/dchen/service/Run23_live/EpdCalibration-apple/projects/2023_AuAu_200GeV/data/derived/daily_observations_primary.csv,26382,inspect_spectrum_or_provenance; do_not_auto_reject
2,1,168,0,11,24,138.460403,0.332009,not_flagged,large_leave_one_out_pull,1.4209941515140656,9.482300300282128,yuno,NmipConstantsDay162_168_changed.txt,/Users/dchenmac/dchen/service/Run23_live/EpdCalibration-apple/projects/2023_AuAu_200GeV/data/derived/daily_observations_primary.csv,26375,inspect_spectrum_or_provenance; do_not_auto_reject
3,1,168,0,8,29,136.311295,0.31299,not_flagged,large_leave_one_out_pull,1.380301306800277,9.50290126092658,yuno,NmipConstantsDay162_168_changed.txt,/Users/dchenmac/dchen/service/Run23_live/EpdCalibration-apple/projects/2023_AuAu_200GeV/data/derived/daily_observations_primary.csv,26287,inspect_spectrum_or_provenance; do_not_auto_reject
4,1,168,0,11,30,137.383484,0.366339,not_flagged,large_leave_one_out_pull,1.2876724822048686,8.531494783279262,yuno,NmipConstantsDay162_168_changed.txt,/Users/dchenmac/dchen/service/Run23_live/EpdCalibration-apple/projects/2023_AuAu_200GeV/data/derived/daily_observations_primary.csv,26381,inspect_spectrum_or_provenance; do_not_auto_reject
5,1,168,0,11,29,134.723251,0.357157,not_flagged,large_leave_one_out_pull,1.1798803089103274,7.537226534519677,yuno,NmipConstantsDay162_168_changed.txt,/Users/dchenmac/dchen/service/Run23_live/EpdCalibration-apple/projects/2023_AuAu_200GeV/data/derived/daily_observations_primary.csv,26380,inspect_spectrum_or_provenance; do_not_auto_reject
6,1,168,0,6,31,135.425537,0.346102,not_flagged,large_leave_one_out_pull,1.1352455722726518,7.479316101597196,yuno,NmipConstantsDay162_168_changed.txt,/Users/dchenmac/dchen/service/Run23_live/EpdCalibration-apple/projects/2023_AuAu_200GeV/data/derived/daily_observations_primary.csv,26227,inspect_spectrum_or_provenance; do_not_auto_reject
7,1,168,0,3,23,137.851334,0.301837,not_flagged,large_leave_one_out_pull,1.1325448161738905,8.256135982927814,yuno,NmipConstantsDay162_168_changed.txt,/Users/dchenmac/dchen/service/Run23_live/EpdCalibration-apple/projects/2023_AuAu_200GeV/data/derived/daily_observations_primary.csv,26126,inspect_spectrum_or_provenance; do_not_auto_reject
8,1,168,0,8,26,136.581299,0.309967,not_flagged,large_leave_one_out_pull,1.1096348727237455,7.7016945200838975,yuno,NmipConstantsDay162_168_changed.txt,/Users/dchenmac/dchen/service/Run23_live/EpdCalibration-apple/projects/2023_AuAu_200GeV/data/derived/daily_observations_primary.csv,26284,inspect_spectrum_or_provenance; do_not_auto_reject
9,1,168,0,1,26,133.478439,0.355686,not_flagged,large_leave_one_out_pull,1.1042382772854182,6.548764854815525,yuno,NmipConstantsDay162_168_changed.txt,/Users/dchenmac/dchen/service/Run23_live/EpdCalibration-apple/projects/2023_AuAu_200GeV/data/derived/daily_observations_primary.csv,26067,inspect_spectrum_or_provenance; do_not_auto_reject
10,1,168,0,11,25,135.457611,0.339246,not_flagged,large_leave_one_out_pull,1.0860800205349221,6.89084406301726,yuno,NmipConstantsDay162_168_changed.txt,/Users/dchenmac/dchen/service/Run23_live/EpdCalibration-apple/projects/2023_AuAu_200GeV/data/derived/daily_observations_primary.csv,26376,inspect_spectrum_or_provenance; do_not_auto_reject
11,1,168,0,9,30,139.748581,0.324087,not_flagged,large_leave_one_out_pull,1.0841327025266594,7.951506760748336,yuno,NmipConstantsDay162_168_changed.txt,/Users/dchenmac/dchen/service/Run23_live/EpdCalibration-apple/projects/2023_AuAu_200GeV/data/derived/daily_observations_primary.csv,26319,inspect_spectrum_or_provenance; do_not_auto_reject
12,1,168,0,8,31,132.681458,0.341764,not_flagged,large_leave_one_out_pull,1.0540422456027443,6.975661294715843,yuno,NmipConstantsDay162_168_changed.txt,/Users/dchenmac/dchen/service/Run23_live/EpdCalibration-apple/projects/2023_AuAu_200GeV/data/derived/daily_observations_primary.csv,26289,inspect_spectrum_or_provenance; do_not_auto_reject
13,1,168,0,8,24,136.891403,0.308169,not_flagged,large_leave_one_out_pull,1.038604445977711,7.174947686562814,yuno,NmipConstantsDay162_168_changed.txt,/Users/dchenmac/dchen/service/Run23_live/EpdCalibration-apple/projects/2023_AuAu_200GeV/data/derived/daily_observations_primary.csv,26282,inspect_spectrum_or_provenance; do_not_auto_reject
14,1,168,0,3,30,135.640472,0.383235,not_flagged,large_leave_one_out_pull,1.0369756326023207,6.359553563824709,yuno,NmipConstantsDay162_168_changed.txt,/Users/dchenmac/dchen/service/Run23_live/EpdCalibration-apple/projects/2023_AuAu_200GeV/data/derived/daily_observations_primary.csv,26133,inspect_spectrum_or_provenance; do_not_auto_reject
15,1,168,0,11,26,137.7341,0.337191,not_flagged,large_leave_one_out_pull,1.030120423025437,6.910905315032665,yuno,NmipConstantsDay162_168_changed.txt,/Users/dchenmac/dchen/service/Run23_live/EpdCalibration-apple/projects/2023_AuAu_200GeV/data/derived/daily_observations_primary.csv,26377,inspect_spectrum_or_provenance; do_not_auto_reject
16,1,168,0,12,31,137.188034,0.358148,not_flagged,large_leave_one_out_pull,1.0167569330725996,6.674393029400473,yuno,NmipConstantsDay162_168_changed.txt,/Users/dchenmac/dchen/service/Run23_live/EpdCalibration-apple/projects/2023_AuAu_200GeV/data/derived/daily_observations_primary.csv,26413,inspect_spectrum_or_provenance; do_not_auto_reject
17,1,168,0,11,27,134.869736,0.339847,not_flagged,large_leave_one_out_pull,1.0104636729152219,6.361581172908332,yuno,NmipConstantsDay162_168_changed.txt,/Users/dchenmac/dchen/service/Run23_live/EpdCalibration-apple/projects/2023_AuAu_200GeV/data/derived/daily_observations_primary.csv,26378,inspect_spectrum_or_provenance; do_not_auto_reject
18,1,168,0,11,23,133.043182,0.328839,not_flagged,large_leave_one_out_pull,1.0002993644237392,6.533292357068991,yuno,NmipConstantsDay162_168_changed.txt,/Users/dchenmac/dchen/service/Run23_live/EpdCalibration-apple/projects/2023_AuAu_200GeV/data/derived/daily_observations_primary.csv,26374,inspect_spectrum_or_provenance; do_not_auto_reject
19,1,168,0,10,26,136.936783,0.323328,not_flagged,large_leave_one_out_pull,0.9942492806156338,6.715608019141576,yuno,NmipConstantsDay162_168_changed.txt,/Users/dchenmac/dchen/service/Run23_live/EpdCalibration-apple/projects/2023_AuAu_200GeV/data/derived/daily_observations_primary.csv,26346,inspect_spectrum_or_provenance; do_not_auto_reject
20,1,168,0,12,29,137.225784,0.330562,not_flagged,large_leave_one_out_pull,0.992244267584141,6.814191000989405,yuno,NmipConstantsDay162_168_changed.txt,/Users/dchenmac/dchen/service/Run23_live/EpdCalibration-apple/projects/2023_AuAu_200GeV/data/derived/daily_observations_primary.csv,26411,inspect_spectrum_or_provenance; do_not_auto_reject
21,1,168,0,10,30,138.715988,0.34643,not_flagged,large_leave_one_out_pull,0.9879004233817454,6.519418233914852,yuno,NmipConstantsDay162_168_changed.txt,/Users/dchenmac/dchen/service/Run23_live/EpdCalibration-apple/projects/2023_AuAu_200GeV/data/derived/daily_observations_primary.csv,26350,inspect_spectrum_or_provenance; do_not_auto_reject
22,1,168,0,8,30,135.210083,0.334742,not_flagged,large_leave_one_out_pull,0.9749063551733457,6.533156971177304,yuno,NmipConstantsDay162_168_changed.txt,/Users/dchenmac/dchen/service/Run23_live/EpdCalibration-apple/projects/2023_AuAu_200GeV/data/derived/daily_observations_primary.csv,26288,inspect_spectrum_or_provenance; do_not_auto_reject
23,1,168,0,3,22,137.73851,0.31067,not_flagged,large_leave_one_out_pull,0.9660296205705947,6.558348830602798,yuno,NmipConstantsDay162_168_changed.txt,/Users/dchenmac/dchen/service/Run23_live/EpdCalibration-apple/projects/2023_AuAu_200GeV/data/derived/daily_observations_primary.csv,26125,inspect_spectrum_or_provenance; do_not_auto_reject
24,1,168,0,2,31,134.613846,0.342737,not_flagged,large_leave_one_out_pull,0.9627203615235658,6.33130599101547,yuno,NmipConstantsDay162_168_changed.txt,/Users/dchenmac/dchen/service/Run23_live/EpdCalibration-apple/projects/2023_AuAu_200GeV/data/derived/daily_observations_primary.csv,26103,inspect_spectrum_or_provenance; do_not_auto_reject
25,1,168,0,6,26,134.709076,0.319286,not_flagged,large_leave_one_out_pull,0.9482302995237433,6.473656506330556,yuno,NmipConstantsDay162_168_changed.txt,/Users/dchenmac/dchen/service/Run23_live/EpdCalibration-apple/projects/2023_AuAu_200GeV/data/derived/daily_observations_primary.csv,26222,inspect_spectrum_or_provenance; do_not_auto_reject
26,1,168,0,1,9,124.441269,0.298357,not_flagged,large_leave_one_out_pull,0.9316488024002467,6.002396171001722,yuno,NmipConstantsDay162_168_changed.txt,/Users/dchenmac/dchen/service/Run23_live/EpdCalibration-apple/projects/2023_AuAu_200GeV/data/derived/daily_observations_primary.csv,26050,inspect_spectrum_or_provenance; do_not_auto_reject
27,1,168,0,11,28,136.378082,0.342465,not_flagged,large_leave_one_out_pull,0.9222518107197573,6.073133487241585,yuno,NmipConstantsDay162_168_changed.txt,/Users/dchenmac/dchen/service/Run23_live/EpdCalibration-apple/projects/2023_AuAu_200GeV/data/derived/daily_observations_primary.csv,26379,inspect_spectrum_or_provenance; do_not_auto_reject
28,1,168,0,12,30,137.130035,0.337227,not_flagged,large_leave_one_out_pull,0.9201269724713654,6.53059704477072,yuno,NmipConstantsDay162_168_changed.txt,/Users/dchenmac/dchen/service/Run23_live/EpdCalibration-apple/projects/2023_AuAu_200GeV/data/derived/daily_observations_primary.csv,26412,inspect_spectrum_or_provenance; do_not_auto_reject
29,1,166,0,4,1,132.001907,0.569436,not_flagged,large_leave_one_out_pull,0.8873502580194668,9.310255481562322,yuno,NmipConstantsDay162_168_changed.txt,/Users/dchenmac/dchen/service/Run23_live/EpdCalibration-apple/projects/2023_AuAu_200GeV/data/derived/daily_observations_primary.csv,24647,inspect_spectrum_or_provenance; do_not_auto_reject
30,1,168,0,9,24,135.328506,0.286328,not_flagged,large_leave_one_out_pull,0.8722312915523673,6.51078869106108,yuno,NmipConstantsDay162_168_changed.txt,/Users/dchenmac/dchen/service/Run23_live/EpdCalibration-apple/projects/2023_AuAu_200GeV/data/derived/daily_observations_primary.csv,26313,inspect_spectrum_or_provenance; do_not_auto_reject
31,1,168,0,8,27,135.582779,0.312885,not_flagged,large_leave_one_out_pull,0.8554959037026322,6.128657196379217,yuno,NmipConstantsDay162_168_changed.txt,/Users/dchenmac/dchen/service/Run23_live/EpdCalibration-apple/projects/2023_AuAu_200GeV/data/derived/daily_observations_primary.csv,26285,inspect_spectrum_or_provenance; do_not_auto_reject
32,1,166,1,2,19,139.239517,0.64725,not_flagged,large_leave_one_out_pull,0.847248269274246,10.600012596195926,yuno,NmipConstantsDay162_168_changed.txt,/Users/dchenmac/dchen/service/Run23_live/EpdCalibration-apple/projects/2023_AuAu_200GeV/data/derived/daily_observations_primary.csv,24975,inspect_spectrum_or_provenance; do_not_auto_reject
33,1,168,0,12,23,137.62468,0.27995,not_flagged,large_leave_one_out_pull,0.811077749613645,6.034601534940611,yuno,NmipConstantsDay162_168_changed.txt,/Users/dchenmac/dchen/service/Run23_live/EpdCalibration-apple/projects/2023_AuAu_200GeV/data/derived/daily_observations_primary.csv,26405,inspect_spectrum_or_provenance; do_not_auto_reject
34,1,166,0,10,29,132.878204,0.559636,not_flagged,large_leave_one_out_pull,0.7664984348080282,9.769546610023232,yuno,NmipConstantsDay162_168_changed.txt,/Users/dchenmac/dchen/service/Run23_live/EpdCalibration-apple/projects/2023_AuAu_200GeV/data/derived/daily_observations_primary.csv,24861,inspect_spectrum_or_provenance; do_not_auto_reject
35,1,166,0,5,1,125.519165,0.716612,not_flagged,large_leave_one_out_pull,0.6645604353318788,6.875955198156858,yuno,NmipConstantsDay162_168_changed.txt,/Users/dchenmac/dchen/service/Run23_live/EpdCalibration-apple/projects/2023_AuAu_200GeV/data/derived/daily_observations_primary.csv,24678,inspect_spectrum_or_provenance; do_not_auto_reject
36,1,166,0,11,30,131.036896,0.565348,not_flagged,large_leave_one_out_pull,0.6235946474679679,7.250995048755715,yuno,NmipConstantsDay162_168_changed.txt,/Users/dchenmac/dchen/service/Run23_live/EpdCalibration-apple/projects/2023_AuAu_200GeV/data/derived/daily_observations_primary.csv,24893,inspect_spectrum_or_provenance; do_not_auto_reject
37,1,166,0,3,30,129.815292,0.608869,not_flagged,large_leave_one_out_pull,0.6087704377516445,6.807946893466014,yuno,NmipConstantsDay162_168_changed.txt,/Users/dchenmac/dchen/service/Run23_live/EpdCalibration-apple/projects/2023_AuAu_200GeV/data/derived/daily_observations_primary.csv,24645,inspect_spectrum_or_provenance; do_not_auto_reject
38,1,166,0,11,31,128.888458,0.607037,not_flagged,large_leave_one_out_pull,0.6059874253953978,7.560825294910871,yuno,NmipConstantsDay162_168_changed.txt,/Users/dchenmac/dchen/service/Run23_live/EpdCalibration-apple/projects/2023_AuAu_200GeV/data/derived/daily_observations_primary.csv,24894,inspect_spectrum_or_provenance; do_not_auto_reject
39,1,162,0,6,23,137.370392,0.418176,not_flagged,large_leave_one_out_pull,0.596287997092702,6.745055256738162,yuno,NmipConstantsDay162_168_changed.txt,/Users/dchenmac/dchen/service/Run23_live/EpdCalibration-apple/projects/2023_AuAu_200GeV/data/derived/daily_observations_primary.csv,21755,inspect_spectrum_or_provenance; do_not_auto_reject
40,1,166,0,9,29,129.859146,0.530936,not_flagged,large_leave_one_out_pull,0.5567776593174472,7.830721526797693,yuno,NmipConstantsDay162_168_changed.txt,/Users/dchenmac/dchen/service/Run23_live/EpdCalibration-apple/projects/2023_AuAu_200GeV/data/derived/daily_observations_primary.csv,24830,inspect_spectrum_or_provenance; do_not_auto_reject
41,1,163,1,3,6,130.474594,0.611967,not_flagged,large_leave_one_out_pull,0.5145640254712873,6.473318246129659,yuno,NmipConstantsDay162_168_changed.txt,/Users/dchenmac/dchen/service/Run23_live/EpdCalibration-apple/projects/2023_AuAu_200GeV/data/derived/daily_observations_primary.csv,22761,inspect_spectrum_or_provenance; do_not_auto_reject
42,1,166,0,3,4,128.192551,0.488395,not_flagged,large_leave_one_out_pull,0.5085974062220373,6.430921297935355,yuno,NmipConstantsDay162_168_changed.txt,/Users/dchenmac/dchen/service/Run23_live/EpdCalibration-apple/projects/2023_AuAu_200GeV/data/derived/daily_observations_primary.csv,24619,inspect_spectrum_or_provenance; do_not_auto_reject
43,1,166,0,9,24,130.037811,0.513265,not_flagged,large_leave_one_out_pull,0.49768659217394884,7.897419094268498,yuno,NmipConstantsDay162_168_changed.txt,/Users/dchenmac/dchen/service/Run23_live/EpdCalibration-apple/projects/2023_AuAu_200GeV/data/derived/daily_observations_primary.csv,24825,inspect_spectrum_or_provenance; do_not_auto_reject
44,1,166,0,4,5,130.669983,0.445571,not_flagged,large_leave_one_out_pull,0.4969032277952863,7.008447676993195,yuno,NmipConstantsDay162_168_changed.txt,/Users/dchenmac/dchen/service/Run23_live/EpdCalibration-apple/projects/2023_AuAu_200GeV/data/derived/daily_observations_primary.csv,24651,inspect_spectrum_or_provenance; do_not_auto_reject
45,1,166,0,10,26,131.801117,0.572628,not_flagged,large_leave_one_out_pull,0.4483234597859109,6.3260934982120345,yuno,NmipConstantsDay162_168_changed.txt,/Users/dchenmac/dchen/service/Run23_live/EpdCalibration-apple/projects/2023_AuAu_200GeV/data/derived/daily_observations_primary.csv,24858,inspect_spectrum_or_provenance; do_not_auto_reject
46,1,166,0,3,8,126.939125,0.458108,not_flagged,large_leave_one_out_pull,0.4406464440356217,6.615958999616549,yuno,NmipConstantsDay162_168_changed.txt,/Users/dchenmac/dchen/service/Run23_live/EpdCalibration-apple/projects/2023_AuAu_200GeV/data/derived/daily_observations_primary.csv,24623,inspect_spectrum_or_provenance; do_not_auto_reject
47,1,166,1,2,20,141.561432,0.880816,not_flagged,large_leave_one_out_pull,0.4008890905408862,6.880504366824679,yuno,NmipConstantsDay162_168_changed.txt,/Users/dchenmac/dchen/service/Run23_live/EpdCalibration-apple/projects/2023_AuAu_200GeV/data/derived/daily_observations_primary.csv,24976,inspect_spectrum_or_provenance; do_not_auto_reject
