rank,priority_tier,ew,pp,tt,period_start,period_end,n_found,n_used,status,median_mpv,max_abs_residual,missing_days,flagged_days,numeric_excluded_days,qa_flag,source,split_day,n_before,n_after,signed_median_shift,notes,constant,constant_error,chi2,ndf,chi2_ndf,max_weight_fraction,dominant_day
1,2,0,10,29,162,168,7,7,provisional,137.669098,5.097556674864762,,,,large_chi2_ndf,yuno,,0,0,,diagnostic_only; no_auto_accept; no_auto_split,137.97576067486477,0.20233092100985006,156.81847104723434,6,26.136411841205724,0.36153191039225413,168
2,2,0,6,23,162,168,7,7,provisional,133.870285,4.439593395271487,,,,large_chi2_ndf,yuno,,0,0,,diagnostic_only; no_auto_accept; no_auto_split,134.83220239527148,0.18239148209653114,128.0667837338933,6,21.34446395564888,0.37312364323313696,168
3,2,0,11,31,162,168,7,7,provisional,131.993332,4.296697336411114,,,,large_chi2_ndf,yuno,,0,0,,diagnostic_only; no_auto_accept; no_auto_split,133.18515533641113,0.2134174784706922,123.45698338694034,6,20.57616389782339,0.3526449417198413,168
4,2,1,2,19,162,168,7,7,provisional,132.009583,6.4502999267338055,,,,large_chi2_ndf,yuno,,0,0,,diagnostic_only; no_auto_accept; no_auto_split,132.7892170732662,0.22054078613489883,121.87630993539075,6,20.312718322565125,0.3658668552554253,168
5,2,0,11,24,162,168,7,7,provisional,134.84671,5.159440167328995,,,,large_chi2_ndf,yuno,,0,0,,diagnostic_only; no_auto_accept; no_auto_split,135.943513167329,0.19944104603540716,110.85354816720827,6,18.475591361201378,0.36085221332596834,168
6,2,0,11,30,162,168,7,7,provisional,134.282333,3.799378847745345,,,,large_chi2_ndf,yuno,,0,0,,diagnostic_only; no_auto_accept; no_auto_split,134.83627484774536,0.21228039208968427,108.55612329133706,6,18.092687215222842,0.3357789379036091,168
7,2,0,4,1,162,168,7,7,provisional,137.355804,4.8764520641322235,,,,large_chi2_ndf,yuno,,0,0,,diagnostic_only; no_auto_accept; no_auto_split,136.8783590641322,0.22342816623716721,104.94369934964935,6,17.49061655827489,0.34227426859222854,168
8,2,0,8,29,162,168,7,7,provisional,132.796448,2.3631829570867637,,,,large_chi2_ndf,yuno,,0,0,,diagnostic_only; no_auto_accept; no_auto_split,133.94811204291324,0.19005504645766824,92.22268000729824,6,15.370446667883039,0.3687210121639547,168
9,2,0,9,24,162,168,7,7,provisional,134.182281,3.81225660309795,,,,large_chi2_ndf,yuno,,0,0,,diagnostic_only; no_auto_accept; no_auto_split,133.85006760309795,0.17441500617061334,89.92606611450552,6,14.987677685750919,0.37105651033679066,168
10,2,0,10,26,162,168,7,7,provisional,134.90033,4.760413522525255,,,,large_chi2_ndf,yuno,,0,0,,diagnostic_only; no_auto_accept; no_auto_split,135.20638252252525,0.1953150084811025,89.51336293171873,6,14.918893821953121,0.3649090227701226,168
11,2,0,3,30,162,168,7,7,provisional,133.523651,4.705011334022345,,,,large_chi2_ndf,yuno,,0,0,,diagnostic_only; no_auto_accept; no_auto_split,133.66721533402236,0.22493106283238928,84.13152032080818,6,14.02192005346803,0.3444835912137076,168
12,2,0,9,29,162,168,7,7,provisional,133.757248,3.8885330064528603,,,,large_chi2_ndf,yuno,,0,0,,diagnostic_only; no_auto_accept; no_auto_split,133.74767900645287,0.1879022650352606,79.51822648837071,6,13.253037748061786,0.35974136037047444,168
13,2,0,3,23,162,168,7,7,provisional,134.676651,3.6766762791030203,,,,large_chi2_ndf,yuno,,0,0,,diagnostic_only; no_auto_accept; no_auto_split,135.86207027910302,0.1818013241284512,78.28339294442983,6,13.047232157404972,0.3627848417752529,168
14,2,0,12,30,162,168,7,7,provisional,133.226242,3.195579885534926,,,,large_chi2_ndf,yuno,,0,0,,diagnostic_only; no_auto_accept; no_auto_split,135.34026388553494,0.19650325139256497,74.204672483133,6,12.3674454138555,0.33954301709980034,168
15,2,0,5,1,162,168,7,7,provisional,130.178192,4.606302790484634,,,,large_chi2_ndf,yuno,,0,0,,diagnostic_only; no_auto_accept; no_auto_split,130.12546779048463,0.25445468057328846,74.0130988221662,6,12.335516470361034,0.3237816708587107,168
16,2,0,9,30,162,168,7,7,provisional,136.977859,2.285308766619494,,,,large_chi2_ndf,yuno,,0,0,,diagnostic_only; no_auto_accept; no_auto_split,137.65727276661949,0.18936548023322056,72.46393292821583,6,12.077322154702637,0.34141170451873865,168
17,2,0,10,31,162,168,7,7,provisional,132.422012,5.360285725972517,,,,large_chi2_ndf,yuno,,0,0,,diagnostic_only; no_auto_accept; no_auto_split,133.20678272597252,0.2113400524330863,70.78004386271954,6,11.796673977119923,0.35028997190872097,168
18,2,0,11,26,162,168,7,7,provisional,135.501907,3.5648775198408487,,,,large_chi2_ndf,yuno,,0,0,,diagnostic_only; no_auto_accept; no_auto_split,135.86262251984084,0.2009099098116119,70.45054631889575,6,11.741757719815958,0.35501832348819334,168
19,2,0,3,31,162,168,7,7,provisional,133.967957,5.454991401948149,,,,large_chi2_ndf,yuno,,0,0,,diagnostic_only; no_auto_accept; no_auto_split,134.02495859805185,0.20908695551794945,70.01951107928733,6,11.669918513214554,0.3364835352194289,168
20,2,0,11,29,162,168,7,7,provisional,131.103973,2.483389903257148,,,,large_chi2_ndf,yuno,,0,0,,diagnostic_only; no_auto_accept; no_auto_split,132.55733390325716,0.2120939707813428,66.87191353610244,6,11.14531892268374,0.35264547306921756,168
21,2,0,8,26,162,168,7,7,provisional,133.139938,2.6812845163569534,,,,large_chi2_ndf,yuno,,0,0,,diagnostic_only; no_auto_accept; no_auto_split,134.68522151635696,0.18833533120659787,66.85458901307827,6,11.142431502179711,0.3691753372119286,168
22,2,0,6,31,162,168,7,7,provisional,132.612213,3.128313731045438,,,,large_chi2_ndf,yuno,,0,0,,diagnostic_only; no_auto_accept; no_auto_split,133.34305073104545,0.2055767960587541,66.17992890259485,6,11.029988150432475,0.35280925455854956,168
23,2,0,3,8,162,168,7,7,provisional,129.647308,2.8184980787201113,,,,large_chi2_ndf,yuno,,0,0,,diagnostic_only; no_auto_accept; no_auto_split,129.75762307872012,0.1684461934733599,66.0129810525109,6,11.002163508751815,0.39485028356456797,168
24,2,0,4,5,162,168,7,7,provisional,133.925781,2.88417742840457,,,,large_chi2_ndf,yuno,,0,0,,diagnostic_only; no_auto_accept; no_auto_split,133.55416042840457,0.17081462836601485,64.43900459918795,6,10.739834099864659,0.37383344156557713,168
25,2,1,6,23,162,168,7,7,provisional,132.185272,8.800495364111441,,,,large_chi2_ndf,yuno,,0,0,,diagnostic_only; no_auto_accept; no_auto_split,133.64112536411145,0.23288302751655984,64.34641726317366,6,10.72440287719561,0.3623681844977885,168
26,2,0,3,4,162,168,7,7,provisional,131.069443,3.8972369924240837,,,,large_chi2_ndf,yuno,,0,0,,diagnostic_only; no_auto_accept; no_auto_split,131.08935999242408,0.18874428296899995,61.50129461910847,6,10.250215769851412,0.35959706138406233,168
27,2,0,11,25,162,168,7,7,provisional,133.234436,2.8818429701348975,,,,large_chi2_ndf,yuno,,0,0,,diagnostic_only; no_auto_accept; no_auto_split,133.6007149701349,0.20608780039522115,61.46191087800276,6,10.24365181300046,0.36904140636390337,168
28,2,0,3,2,162,168,7,7,provisional,126.674675,7.546363379401868,,,,large_chi2_ndf,yuno,,0,0,,diagnostic_only; no_auto_accept; no_auto_split,127.28493437940186,0.25481474233012336,60.40797733142548,6,10.067996221904247,0.37191672221097655,168
29,2,0,11,22,162,168,7,7,provisional,132.787979,3.6129523722368617,,,,large_chi2_ndf,yuno,,0,0,,diagnostic_only; no_auto_accept; no_auto_split,134.05434337223687,0.19318985698904775,60.149803997304765,6,10.024967332884128,0.3719817935020374,168
30,2,0,6,26,162,168,7,7,provisional,132.204834,4.17204617631711,,,,large_chi2_ndf,yuno,,0,0,,diagnostic_only; no_auto_accept; no_auto_split,133.0625641763171,0.19301439027358674,59.80914717611452,6,9.968191196019086,0.3654429821919565,168
31,2,0,10,30,162,168,7,7,provisional,136.337936,3.2035433525341546,,,,large_chi2_ndf,yuno,,0,0,,diagnostic_only; no_auto_accept; no_auto_split,136.89803235253416,0.20556036717318296,59.453202862033486,6,9.908867143672248,0.3520852098031131,168
32,2,1,2,20,162,168,7,7,provisional,135.138275,5.863327650182811,,,,large_chi2_ndf,yuno,,0,0,,diagnostic_only; no_auto_accept; no_auto_split,135.69810434981719,0.2228250055526599,58.61878446058947,6,9.769797410098244,0.38384478748169404,168
33,2,0,11,27,162,168,7,7,provisional,132.596985,3.314392834122259,,,,large_chi2_ndf,yuno,,0,0,,diagnostic_only; no_auto_accept; no_auto_split,133.15475416587773,0.20693075457578367,58.554411417832334,6,9.759068569638723,0.3707517432676923,168
34,2,0,8,31,162,168,7,7,provisional,129.964798,3.7290875531965355,,,,large_chi2_ndf,yuno,,0,0,,diagnostic_only; no_auto_accept; no_auto_split,130.76689155319653,0.20364738859138928,58.548435863407384,6,9.758072643901231,0.3550627094433229,168
35,2,0,3,6,162,168,7,7,provisional,131.609192,2.2963151801973254,,,,large_chi2_ndf,yuno,,0,0,,diagnostic_only; no_auto_accept; no_auto_split,131.89766418019732,0.17067781274353994,58.29126512062176,6,9.71521085343696,0.38056601020822156,168
36,2,0,4,31,162,168,7,7,provisional,132.283554,2.9184973929345404,,,,large_chi2_ndf,yuno,,0,0,,diagnostic_only; no_auto_accept; no_auto_split,133.14586839293455,0.18339120115016944,58.04238021426143,6,9.673730035710237,0.3549399282092406,168
37,2,0,12,29,162,168,7,7,provisional,134.830002,2.170059591838424,,,,large_chi2_ndf,yuno,,0,0,,diagnostic_only; no_auto_accept; no_auto_split,135.41540440816158,0.19668888540227264,57.97985870693875,6,9.663309784489792,0.3540411833176186,168
38,2,0,3,29,162,168,7,7,provisional,134.158615,5.451508599770079,,,,large_chi2_ndf,yuno,,0,0,,diagnostic_only; no_auto_accept; no_auto_split,134.2785024002299,0.20931338098820662,57.04605148613137,6,9.507675247688562,0.3582697762274457,168
39,2,0,3,5,162,168,7,7,provisional,131.492447,3.253786063128203,,,,large_chi2_ndf,yuno,,0,0,,diagnostic_only; no_auto_accept; no_auto_split,130.9952030631282,0.1705052701522305,56.909963857737424,6,9.484993976289571,0.35421157019252364,168
40,2,0,12,31,162,168,7,7,provisional,134.176559,2.2585725335644042,,,,large_chi2_ndf,yuno,,0,0,,diagnostic_only; no_auto_accept; no_auto_split,135.2525305335644,0.21018115339590432,56.585127523584816,6,9.430854587264136,0.34439947548054695,168
41,2,1,11,9,162,168,7,7,provisional,130.015259,3.581859488496633,,,,large_chi2_ndf,yuno,,0,0,,diagnostic_only; no_auto_accept; no_auto_split,130.14583148849664,0.18689437170361475,56.10880599574683,6,9.351467665957804,0.389865826417701,168
42,2,0,3,1,162,168,7,7,provisional,130.845825,8.903355632950394,,,,large_chi2_ndf,yuno,,0,0,,diagnostic_only; no_auto_accept; no_auto_split,130.7607063670496,0.2868764466424251,54.425401552399734,6,9.070900258733289,0.32736053635650064,168
43,2,0,8,30,162,168,7,7,provisional,133.132492,2.6313402886250685,,,,large_chi2_ndf,yuno,,0,0,,diagnostic_only; no_auto_accept; no_auto_split,133.45694728862506,0.20010877155617698,53.699135300297044,6,8.94985588338284,0.35736485413030117,168
44,2,0,6,20,162,168,7,7,provisional,135.910873,3.2768063202196345,,,,large_chi2_ndf,yuno,,0,0,,diagnostic_only; no_auto_accept; no_auto_split,135.70687532021964,0.17993646117417506,53.58050234815042,6,8.930083724691736,0.38538227879952064,168
45,2,1,4,21,162,168,7,7,provisional,140.955902,5.988827722611916,,,,large_chi2_ndf,yuno,,0,0,,diagnostic_only; no_auto_accept; no_auto_split,141.50654272261193,0.23937114240376908,53.579994048356106,6,8.929999008059351,0.34670362696096585,168
46,2,1,2,30,162,168,7,7,provisional,131.996719,2.6839379641820074,,,,large_chi2_ndf,yuno,,0,0,,diagnostic_only; no_auto_accept; no_auto_split,133.326546964182,0.2175547184084496,53.34150571240528,6,8.890250952067547,0.31752169598113855,168
47,2,0,8,24,162,168,7,7,provisional,134.112167,3.0688431484897194,,,,large_chi2_ndf,yuno,,0,0,,diagnostic_only; no_auto_accept; no_auto_split,135.13944514848973,0.18800447062139727,53.15865654153559,6,8.859776090255933,0.3721846478441445,168
48,2,0,11,23,162,168,7,7,provisional,130.476852,3.363023835118213,,,,large_chi2_ndf,yuno,,0,0,,diagnostic_only; no_auto_accept; no_auto_split,131.3374808351182,0.19993295121611654,52.39432699740364,6,8.732387832900606,0.36965970759823263,168
49,2,1,1,29,162,168,7,7,provisional,135.089279,3.7104803333919563,,,,large_chi2_ndf,yuno,,0,0,,diagnostic_only; no_auto_accept; no_auto_split,134.62612866660805,0.2338715596403879,51.23320397536103,6,8.538867329226838,0.33227175608054643,168
50,2,0,5,24,162,168,7,7,provisional,132.88974,3.5254675325232654,,,,large_chi2_ndf,yuno,,0,0,,diagnostic_only; no_auto_accept; no_auto_split,133.96827646747673,0.18181211381597165,50.83945773244023,6,8.473242955406706,0.3679616794945247,168
51,2,0,6,30,162,168,7,7,provisional,129.085083,2.9482918053453773,,,,large_chi2_ndf,yuno,,0,0,,diagnostic_only; no_auto_accept; no_auto_split,129.93526880534537,0.20997393224655578,50.17220260219614,6,8.36203376703269,0.36649444745048676,168
52,2,0,1,26,162,168,7,7,provisional,130.832565,2.484659415908311,,,,large_chi2_ndf,yuno,,0,0,,diagnostic_only; no_auto_accept; no_auto_split,131.6367134159083,0.21776318639895817,49.7017367553539,6,8.283622792558983,0.37483089720226276,168
53,2,0,9,27,162,168,7,7,provisional,134.337006,3.154929288896085,,,,large_chi2_ndf,yuno,,0,0,,diagnostic_only; no_auto_accept; no_auto_split,134.7425752888961,0.19168356287925017,49.440060675100554,6,8.240010112516758,0.35833714356713386,168
54,2,0,5,27,162,168,7,7,provisional,131.160263,3.218866589153805,,,,large_chi2_ndf,yuno,,0,0,,diagnostic_only; no_auto_accept; no_auto_split,131.7338205891538,0.19727318102450864,48.77003050431751,6,8.128338417386251,0.3557129076837168,168
55,2,1,8,16,162,168,7,7,provisional,133.393707,3.455900216341405,,,,large_chi2_ndf,yuno,,0,0,,diagnostic_only; no_auto_accept; no_auto_split,133.7748542163414,0.21138300088056144,48.310868767403704,6,8.051811461233951,0.3588969115993951,168
56,2,0,2,20,162,168,7,7,provisional,136.84404,2.0827932082042935,,,,large_chi2_ndf,yuno,,0,0,,diagnostic_only; no_auto_accept; no_auto_split,137.11311220820429,0.1848187681758989,48.03557751303264,6,8.00592958550544,0.3788382234837909,168
57,2,1,10,31,162,168,7,7,provisional,133.264526,3.411905850737867,,,,large_chi2_ndf,yuno,,0,0,,diagnostic_only; no_auto_accept; no_auto_split,134.07088685073788,0.30138252395038956,47.51126676062123,6,7.918544460103539,0.34687232504881144,168
58,2,0,10,24,162,168,7,7,provisional,133.188431,3.437941799748529,,,,large_chi2_ndf,yuno,,0,0,,diagnostic_only; no_auto_accept; no_auto_split,133.51550179974853,0.1942879366530781,47.34449220589493,6,7.890748700982488,0.3766337508137774,168
59,2,0,9,26,162,168,7,7,provisional,135.518341,3.514227201194416,,,,large_chi2_ndf,yuno,,0,0,,diagnostic_only; no_auto_accept; no_auto_split,135.86418720119443,0.18481641799496362,46.62980882350169,6,7.771634803916949,0.36465258921142657,168
60,2,0,12,24,162,168,7,7,provisional,137.022522,2.731489313296038,,,,large_chi2_ndf,yuno,,0,0,,diagnostic_only; no_auto_accept; no_auto_split,137.54080031329605,0.1791363620718518,46.52816504316454,6,7.754694173860757,0.35936082984974027,168
61,2,1,2,25,162,168,7,7,provisional,131.198166,2.743455768482505,,,,large_chi2_ndf,yuno,,0,0,,diagnostic_only; no_auto_accept; no_auto_split,131.4082507684825,0.2594458782422118,46.345465431073265,6,7.7242442385122105,0.33596346334858673,168
62,2,0,8,28,162,168,7,7,provisional,131.937347,3.595418708685287,,,,large_chi2_ndf,yuno,,0,0,,diagnostic_only; no_auto_accept; no_auto_split,132.2904612913147,0.20013042792753444,46.231720876111396,6,7.705286812685233,0.35310196561059787,168
63,2,0,11,1,162,168,7,7,provisional,130.64563,3.99538412330719,,,,large_chi2_ndf,yuno,,0,0,,diagnostic_only; no_auto_accept; no_auto_split,130.51761587669282,0.2900449507703287,46.101185217889665,6,7.683530869648277,0.3199686456852395,168
64,2,0,11,28,162,168,7,7,provisional,134.118225,2.7753187420745746,,,,large_chi2_ndf,yuno,,0,0,,diagnostic_only; no_auto_accept; no_auto_split,134.70886674207458,0.2042998765516558,46.04961568371618,6,7.674935947286031,0.3558801969271875,168
65,2,0,12,6,162,168,7,7,provisional,130.730331,3.1026241983576597,,,,large_chi2_ndf,yuno,,0,0,,diagnostic_only; no_auto_accept; no_auto_split,130.91335419835767,0.17463369482982471,45.90199353556644,6,7.65033225592774,0.38908312758166486,168
66,2,0,9,1,162,168,7,7,provisional,133.591507,4.5063294793231705,,,,large_chi2_ndf,yuno,,0,0,,diagnostic_only; no_auto_accept; no_auto_split,133.79447647932318,0.25874283437816564,45.55963794672129,6,7.593272991120215,0.31450980838036713,168
67,2,0,3,25,162,168,7,7,provisional,135.545715,4.078058558300853,,,,large_chi2_ndf,yuno,,0,0,,diagnostic_only; no_auto_accept; no_auto_split,136.39765355830085,0.20039752594057228,45.25617444267573,6,7.5426957404459545,0.37274539607595797,168
68,2,0,4,4,162,168,7,7,provisional,130.285416,2.739127669970628,,,,large_chi2_ndf,yuno,,0,0,,diagnostic_only; no_auto_accept; no_auto_split,130.33368666997063,0.19771737940459405,45.069298877744274,6,7.511549812957379,0.3608711076022765,168
69,2,0,12,23,162,168,7,7,provisional,135.704086,1.6759718933044496,,,,large_chi2_ndf,yuno,,0,0,,diagnostic_only; no_auto_accept; no_auto_split,136.29283889330446,0.17223002015179315,44.818352797459085,6,7.4697254662431805,0.37849204939591896,168
70,2,0,11,19,162,168,7,7,provisional,130.450409,2.088166404786591,,,,large_chi2_ndf,yuno,,0,0,,diagnostic_only; no_auto_accept; no_auto_split,131.25889740478658,0.18794820963434222,44.670121757511254,6,7.445020292918542,0.3784227127795305,168
71,2,0,7,31,162,168,7,7,provisional,127.79422,3.1502133849389082,,,,large_chi2_ndf,yuno,,0,0,,diagnostic_only; no_auto_accept; no_auto_split,128.1501293849389,0.22481291794861738,44.51062568538377,6,7.418437614230629,0.35427218603177113,168
72,2,0,2,31,162,168,7,7,provisional,132.003082,1.7670619500576379,,,,large_chi2_ndf,yuno,,0,0,,diagnostic_only; no_auto_accept; no_auto_split,132.87248495005764,0.20450370863464998,44.39564427773168,6,7.399274046288613,0.3560249175344458,168
73,2,0,3,22,162,168,7,7,provisional,135.19371,1.6109377081411367,,,,large_chi2_ndf,yuno,,0,0,,diagnostic_only; no_auto_accept; no_auto_split,136.12757229185885,0.19021295070655497,44.36061820430221,6,7.3934363673837025,0.3748707287855011,168
74,2,0,4,8,162,168,7,7,provisional,132.54509,3.5585269348739814,,,,large_chi2_ndf,yuno,,0,0,,diagnostic_only; no_auto_accept; no_auto_split,132.99230393487397,0.1626003684440219,44.13570257484625,6,7.355950429141042,0.3943528802317715,168
75,2,1,3,6,162,168,7,7,provisional,134.742554,3.7125211010999237,,,,large_chi2_ndf,yuno,,0,0,,diagnostic_only; no_auto_accept; no_auto_split,134.18711510109992,0.2135144228566009,43.945293923415456,6,7.324215653902576,0.37881817806986634,168
76,2,1,2,29,162,168,7,7,provisional,133.545364,4.947887249172027,,,,large_chi2_ndf,yuno,,0,0,,diagnostic_only; no_auto_accept; no_auto_split,134.04220224917202,0.22448865482699173,43.7771005511847,6,7.296183425197451,0.3426575643198592,168
77,2,1,6,31,162,168,7,7,provisional,133.758209,2.8784521216330745,,,,large_chi2_ndf,yuno,,0,0,,diagnostic_only; no_auto_accept; no_auto_split,133.70425087836693,0.2125536466029416,43.655691983480516,6,7.275948663913419,0.31642659740132706,168
78,2,0,10,7,162,168,7,7,provisional,130.287796,5.215266647862364,,,,large_chi2_ndf,yuno,,0,0,,diagnostic_only; no_auto_accept; no_auto_split,129.50502435213764,0.17790961487779366,43.404702097612955,6,7.234117016268826,0.3812711453301105,168
79,2,0,5,16,162,168,7,7,provisional,131.286652,4.176180183710983,,,,large_chi2_ndf,yuno,,0,0,,diagnostic_only; no_auto_accept; no_auto_split,131.348340816289,0.16945496451886385,43.166913172294734,6,7.194485528715789,0.3673559449131073,168
80,2,0,8,27,162,168,7,7,provisional,133.363434,1.804240705296479,,,,large_chi2_ndf,yuno,,0,0,,diagnostic_only; no_auto_accept; no_auto_split,134.04583270529648,0.18709965356640385,43.02328750951909,6,7.170547918253182,0.35758268445213315,168
81,2,0,11,17,162,168,7,7,provisional,131.579376,3.507587223159476,,,,large_chi2_ndf,yuno,,0,0,,diagnostic_only; no_auto_accept; no_auto_split,132.2768892231595,0.19210784460026942,42.96135338554282,6,7.160225564257137,0.3727812413742738,168
82,2,1,5,2,162,168,7,7,provisional,126.46711,9.903978852314907,,,,large_chi2_ndf,yuno,,0,0,,diagnostic_only; no_auto_accept; no_auto_split,126.8874378523149,0.2918410757339633,42.48848902132694,6,7.081414836887824,0.3518998849427774,168
83,2,0,5,4,162,168,7,7,provisional,132.85675,2.3549143303849576,,,,large_chi2_ndf,yuno,,0,0,,diagnostic_only; no_auto_accept; no_auto_split,132.50347433038496,0.18783694428096565,42.43857344339322,6,7.073095573898869,0.3647534083129984,168
84,2,0,12,25,162,168,7,7,provisional,133.066101,6.5297245548174345,,,,large_chi2_ndf,yuno,,0,0,,diagnostic_only; no_auto_accept; no_auto_split,133.95276655481743,0.18749090223890277,41.807730646104304,6,6.967955107684051,0.378059443247441,168
85,2,0,5,28,162,168,7,7,provisional,132.584656,2.484437012883518,,,,large_chi2_ndf,yuno,,0,0,,diagnostic_only; no_auto_accept; no_auto_split,133.20996201288352,0.1999881068207304,41.752669539467725,6,6.958778256577954,0.365827659173253,168
86,2,0,1,9,162,168,7,7,provisional,126.776993,2.1182515744076795,,,,large_chi2_ndf,yuno,,0,0,,diagnostic_only; no_auto_accept; no_auto_split,125.82589342559233,0.18922018070262833,41.56320297200218,6,6.927200495333697,0.40221887087460834,168
87,2,0,2,1,162,168,7,7,provisional,134.922043,4.642790950180853,,,,large_chi2_ndf,yuno,,0,0,,diagnostic_only; no_auto_accept; no_auto_split,134.11903295018087,0.25332152993737633,41.35687971082465,6,6.892813285137442,0.33278362255721333,168
88,2,1,6,18,162,168,7,7,provisional,133.001038,2.4936576317820425,,,,large_chi2_ndf,yuno,,0,0,,diagnostic_only; no_auto_accept; no_auto_split,134.04430163178205,0.20313462617358505,41.13855916864319,6,6.856426528107199,0.37102201731937035,168
89,2,0,8,22,162,168,7,7,provisional,140.83728,2.6649282870000945,,,,large_chi2_ndf,yuno,,0,0,,diagnostic_only; no_auto_accept; no_auto_split,141.2497822870001,0.20832482980641231,40.493025047074156,6,6.748837507845693,0.3742340136138154,168
90,2,1,2,31,162,168,7,7,provisional,132.736603,4.82131134863792,,,,large_chi2_ndf,yuno,,0,0,,diagnostic_only; no_auto_accept; no_auto_split,133.3332593486379,0.2287888291996718,40.4650875942896,6,6.744181265714933,0.32445673148773035,168
91,2,0,12,27,162,168,7,7,provisional,132.885986,3.3568835884346697,,,,large_chi2_ndf,yuno,,0,0,,diagnostic_only; no_auto_accept; no_auto_split,133.97861858843467,0.18516579064737743,40.09820775149132,6,6.6830346252485535,0.36082416300282466,168
92,2,0,1,27,162,168,7,7,provisional,131.50145,3.224332047360548,,,,large_chi2_ndf,yuno,,0,0,,diagnostic_only; no_auto_accept; no_auto_split,132.42761495263946,0.1984446337073168,40.04826428013713,6,6.6747107133561885,0.3581006805966422,168
93,2,0,2,30,162,168,7,7,provisional,133.7034,2.178973766114126,,,,large_chi2_ndf,yuno,,0,0,,diagnostic_only; no_auto_accept; no_auto_split,134.86043176611412,0.19421819178615643,39.95064115458167,6,6.658440192430278,0.3723607043129086,168
94,2,1,10,29,162,168,7,7,provisional,132.915436,5.280341879973662,,,,large_chi2_ndf,yuno,,0,0,,diagnostic_only; no_auto_accept; no_auto_split,134.34651887997367,0.26946948802869086,39.943205071787666,6,6.657200845297944,0.3452563093024301,168
95,2,0,5,26,162,168,7,7,provisional,131.717697,3.6356130800541564,,,,large_chi2_ndf,yuno,,0,0,,diagnostic_only; no_auto_accept; no_auto_split,132.59950991994583,0.18620468174489438,39.932368437823826,6,6.6553947396373045,0.3728852357869016,168
96,2,0,12,10,162,168,7,7,provisional,136.202682,4.361881606984724,,,,large_chi2_ndf,yuno,,0,0,,diagnostic_only; no_auto_accept; no_auto_split,136.08600260698472,0.18256327786733242,39.694938684819554,6,6.615823114136592,0.38148179840977414,168
97,2,0,11,5,162,168,7,7,provisional,130.804596,3.9794130638680087,,,,large_chi2_ndf,yuno,,0,0,,diagnostic_only; no_auto_accept; no_auto_split,130.704602063868,0.20051035724953545,39.621763835401644,6,6.603627305900274,0.35748159717693584,168
98,2,0,7,24,162,168,7,7,provisional,132.28804,2.7062613937485196,,,,large_chi2_ndf,yuno,,0,0,,diagnostic_only; no_auto_accept; no_auto_split,133.4624563937485,0.1811656416228852,39.37411014604779,6,6.562351691007965,0.368658199600383,168
99,2,0,6,24,162,168,7,7,provisional,132.85788,2.277019366149119,,,,large_chi2_ndf,yuno,,0,0,,diagnostic_only; no_auto_accept; no_auto_split,133.80396636614913,0.19198598208796136,38.95630132099671,6,6.492716886832785,0.37288181343256765,168
100,2,0,2,22,162,168,7,7,provisional,135.066956,4.819019258519262,,,,large_chi2_ndf,yuno,,0,0,,diagnostic_only; no_auto_accept; no_auto_split,135.51038774148074,0.1767128169649666,38.75868457354271,6,6.459780762257118,0.3873861836516483,168
101,2,0,10,1,162,168,7,7,provisional,131.233444,3.2513076165472796,,,,large_chi2_ndf,yuno,,0,0,,diagnostic_only; no_auto_accept; no_auto_split,130.64548761654729,0.25196150179389204,38.21349912913576,6,6.368916521522627,0.3096019936622566,168
102,2,0,4,23,162,168,7,7,provisional,133.953735,3.348448160954149,,,,large_chi2_ndf,yuno,,0,0,,diagnostic_only; no_auto_accept; no_auto_split,134.32234016095416,0.16589117139191775,38.03885554060288,6,6.339809256767147,0.3695185911800583,168
103,2,1,8,2,162,168,7,7,provisional,129.771805,3.931040158522592,,,,large_chi2_ndf,yuno,,0,0,,diagnostic_only; no_auto_accept; no_auto_split,130.3208641585226,0.21923136533743248,37.944386113034625,6,6.324064352172438,0.35620666228509623,168
104,2,0,11,21,162,168,7,7,provisional,130.852875,2.7878089925780216,,,,large_chi2_ndf,yuno,,0,0,,diagnostic_only; no_auto_accept; no_auto_split,131.41153200742198,0.19659202359984876,37.7638648534492,6,6.2939774755748665,0.3703787582494583,168
105,2,0,4,11,162,168,7,7,provisional,140.383713,2.442543498299017,,,,large_chi2_ndf,yuno,,0,0,,diagnostic_only; no_auto_accept; no_auto_split,140.11994249829903,0.17327300457989972,37.71176456945113,6,6.285294094908521,0.39601978808527105,168
106,2,0,7,22,162,168,7,7,provisional,138.328552,2.823412063832876,,,,large_chi2_ndf,yuno,,0,0,,diagnostic_only; no_auto_accept; no_auto_split,138.4630760638329,0.19283094313822136,37.568422461452414,6,6.261403743575403,0.3882719242502531,168
107,2,0,1,28,162,168,7,7,provisional,131.552246,2.6838495808316623,,,,large_chi2_ndf,yuno,,0,0,,diagnostic_only; no_auto_accept; no_auto_split,132.07030858083166,0.23502694059772916,37.56307353343527,6,6.260512255572546,0.3563691101267907,168
108,2,0,10,28,162,168,7,7,provisional,129.386414,2.6568930088507443,,,,large_chi2_ndf,yuno,,0,0,,diagnostic_only; no_auto_accept; no_auto_split,129.28038200885075,0.22318897775309332,37.26531086312365,6,6.210885143853942,0.3707421204485397,168
109,2,0,11,15,162,168,7,7,provisional,132.83075,3.133517154618829,,,,large_chi2_ndf,yuno,,0,0,,diagnostic_only; no_auto_accept; no_auto_split,133.20347915461883,0.19793160875879706,37.12002735441092,6,6.186671225735154,0.385876920528523,168
110,2,0,10,11,162,168,7,7,provisional,140.939865,6.22227897718804,,,,large_chi2_ndf,yuno,,0,0,,diagnostic_only; no_auto_accept; no_auto_split,140.60859302281196,0.1958905471710204,36.7216840745607,6,6.12028067909345,0.3731800522126269,168
111,2,1,6,22,162,168,7,7,provisional,138.197052,4.038142633058413,,,,large_chi2_ndf,yuno,,0,0,,diagnostic_only; no_auto_accept; no_auto_split,137.54848763305841,0.2176945635302444,36.57957802430171,6,6.096596337383619,0.3504969842135648,168
112,2,1,4,30,162,168,7,7,provisional,136.777359,3.6119729303057113,,,,large_chi2_ndf,yuno,,0,0,,diagnostic_only; no_auto_accept; no_auto_split,135.8757740696943,0.2397760163008864,36.476780293797226,6,6.079463382299537,0.3273414709915858,168
113,2,1,10,30,162,168,7,7,provisional,134.314484,3.2511378948265417,,,,large_chi2_ndf,yuno,,0,0,,diagnostic_only; no_auto_accept; no_auto_split,134.02529289482655,0.2406422950790793,35.81932782651415,6,5.969887971085691,0.33947356657979666,168
114,2,1,5,7,162,168,7,7,provisional,129.540085,2.275313417371521,,,,large_chi2_ndf,yuno,,0,0,,diagnostic_only; no_auto_accept; no_auto_split,128.97781241737152,0.23399110870724216,35.64571905430595,6,5.940953175717659,0.3787610808417561,168
115,2,0,1,6,162,168,7,7,provisional,124.452499,2.6491221058197,,,,large_chi2_ndf,yuno,,0,0,,diagnostic_only; no_auto_accept; no_auto_split,124.5286428941803,0.22588066345380595,35.04235590307923,6,5.8403926505132056,0.3985718003467338,168
116,2,1,2,24,162,168,7,7,provisional,134.869675,4.261906229796324,,,,large_chi2_ndf,yuno,,0,0,,diagnostic_only; no_auto_accept; no_auto_split,135.12006022979634,0.24596182740247957,35.022855749361916,6,5.837142624893652,0.34909654571959003,168
117,2,0,8,7,162,168,7,7,provisional,133.407867,2.2035953518889357,,,,large_chi2_ndf,yuno,,0,0,,diagnostic_only; no_auto_accept; no_auto_split,133.17398364811106,0.18863399379616858,34.67278389490305,6,5.778797315817175,0.38547459899715714,168
118,2,1,2,26,162,168,7,7,provisional,133.595261,3.490110548084658,,,,large_chi2_ndf,yuno,,0,0,,diagnostic_only; no_auto_accept; no_auto_split,134.30064254808465,0.2320115795610176,34.669227742884885,6,5.778204623814148,0.34623436679927605,168
119,2,0,12,22,162,168,7,7,provisional,132.691986,3.0137557848781853,,,,large_chi2_ndf,yuno,,0,0,,diagnostic_only; no_auto_accept; no_auto_split,133.06835221512182,0.1700580049743593,34.65185676588514,6,5.775309460980857,0.38464987380970905,168
120,2,0,1,25,162,168,7,7,provisional,129.551483,2.016917529542752,,,,large_chi2_ndf,yuno,,0,0,,diagnostic_only; no_auto_accept; no_auto_split,130.28350352954274,0.2187926378362776,34.52565458932641,6,5.754275764887734,0.384178646513517,168
121,2,0,10,25,162,168,7,7,provisional,133.730957,2.218410006560333,,,,large_chi2_ndf,yuno,,0,0,,diagnostic_only; no_auto_accept; no_auto_split,134.19999300656033,0.18829125558622056,34.39087592314362,6,5.731812653857269,0.3699065877167323,168
122,2,1,8,30,162,168,7,7,provisional,130.686691,4.342288685162913,,,,large_chi2_ndf,yuno,,0,0,,diagnostic_only; no_auto_accept; no_auto_split,131.6453126851629,0.22550759394550696,34.38657742080987,6,5.731096236801645,0.34488792518738587,168
123,2,0,3,28,162,168,7,7,provisional,136.604095,2.091813540865644,,,,large_chi2_ndf,yuno,,0,0,,diagnostic_only; no_auto_accept; no_auto_split,137.05725254086565,0.2254581368643815,34.373038889311296,6,5.728839814885216,0.3748627290018158,168
124,2,1,8,21,162,168,7,7,provisional,133.534149,2.5375778373020523,,,,large_chi2_ndf,yuno,,0,0,,diagnostic_only; no_auto_accept; no_auto_split,134.29740483730205,0.23970352213623342,34.331013939485594,6,5.721835656580932,0.34769620762569303,168
125,2,0,8,5,162,168,7,7,provisional,128.618439,1.9179753097079129,,,,large_chi2_ndf,yuno,,0,0,,diagnostic_only; no_auto_accept; no_auto_split,128.77399330970792,0.20244647192784473,34.143078480928,6,5.690513080154666,0.3538048739063521,168
126,2,0,7,28,162,168,7,7,provisional,135.279541,2.990767324009539,,,,large_chi2_ndf,yuno,,0,0,,diagnostic_only; no_auto_accept; no_auto_split,135.83212367599046,0.19203412297011788,33.97355031217778,6,5.662258385362963,0.35678202258767483,168
127,2,0,1,31,162,168,7,7,provisional,131.575806,2.8366447113514255,,,,large_chi2_ndf,yuno,,0,0,,diagnostic_only; no_auto_accept; no_auto_split,131.79503371135144,0.2340015869093932,33.925100526647554,6,5.654183421107926,0.35790943110374884,168
128,2,0,4,29,162,168,7,7,provisional,133.572144,3.430175122119209,,,,large_chi2_ndf,yuno,,0,0,,diagnostic_only; no_auto_accept; no_auto_split,134.45239212211922,0.18300934889853127,33.682196746545976,6,5.613699457757662,0.3696817310739709,168
129,2,0,8,4,162,168,7,7,provisional,129.672073,2.994396510161579,,,,large_chi2_ndf,yuno,,0,0,,diagnostic_only; no_auto_accept; no_auto_split,129.07681648983842,0.2033867153618464,33.150690378342034,6,5.525115063057005,0.35499309495019354,168
130,2,0,2,29,162,168,7,7,provisional,131.089249,2.482630072050256,,,,large_chi2_ndf,yuno,,0,0,,diagnostic_only; no_auto_accept; no_auto_split,131.69605507205026,0.1985276258576994,32.96384690740585,6,5.493974484567642,0.3558396869253666,168
131,2,1,12,7,162,168,7,7,provisional,127.403847,2.7327267810394176,,,,large_chi2_ndf,yuno,,0,0,,diagnostic_only; no_auto_accept; no_auto_split,128.3498377810394,0.21819851559204545,32.562170878066944,6,5.427028479677824,0.3592946138152637,168
132,2,1,10,17,162,168,7,7,provisional,133.137238,7.267809094176187,,,,large_chi2_ndf,yuno,,0,0,,diagnostic_only; no_auto_accept; no_auto_split,133.0879799058238,0.22903916441771144,32.516159769620714,6,5.419359961603452,0.35261798533566674,168
133,2,1,7,30,162,168,7,7,provisional,133.673355,3.535278626731497,,,,large_chi2_ndf,yuno,,0,0,,diagnostic_only; no_auto_accept; no_auto_split,133.5206916267315,0.22283534373994351,32.5011319183598,6,5.416855319726634,0.3330039030269301,168
134,2,0,2,23,162,168,7,7,provisional,133.578552,3.3376856030889144,,,,large_chi2_ndf,yuno,,0,0,,diagnostic_only; no_auto_accept; no_auto_split,134.2851496030889,0.18607986382739225,32.456800444582306,6,5.409466740763718,0.37963619914442615,168
135,2,1,4,28,162,168,7,7,provisional,136.182709,6.491338604297539,,,,large_chi2_ndf,yuno,,0,0,,diagnostic_only; no_auto_accept; no_auto_split,136.22774739570247,0.23041394340937169,32.34564234592232,6,5.390940390987054,0.3424405639691906,168
136,2,0,4,19,162,168,7,7,provisional,136.781281,2.5909835796267657,,,,large_chi2_ndf,yuno,,0,0,,diagnostic_only; no_auto_accept; no_auto_split,136.37147057962676,0.1708677226619781,32.32513231521378,6,5.38752205253563,0.3878461448105935,168
137,2,1,4,27,162,168,7,7,provisional,135.959915,5.201651802205703,,,,large_chi2_ndf,yuno,,0,0,,diagnostic_only; no_auto_accept; no_auto_split,135.9491201977943,0.24794776347713346,32.233640983104166,6,5.372273497184028,0.3464072350935569,168
138,2,1,7,31,162,168,7,7,provisional,134.752441,3.7889975892483108,,,,large_chi2_ndf,yuno,,0,0,,diagnostic_only; no_auto_accept; no_auto_split,134.42068058924832,0.22881250643484555,32.22479830045112,6,5.370799716741853,0.3332221474893307,168
139,2,1,6,20,162,168,7,7,provisional,136.193802,2.2991107696828124,,,,large_chi2_ndf,yuno,,0,0,,diagnostic_only; no_auto_accept; no_auto_split,136.4710777696828,0.20025514907377337,32.184329121364776,6,5.364054853560796,0.36176370907269223,168
140,2,1,1,27,162,168,7,7,provisional,135.830917,2.0058969796366455,,,,large_chi2_ndf,yuno,,0,0,,diagnostic_only; no_auto_accept; no_auto_split,136.57059502036336,0.2526847420715409,32.157535719913184,6,5.359589286652198,0.33444320764702506,168
141,2,0,2,5,162,168,7,7,provisional,132.25029,4.940201207669588,,,,large_chi2_ndf,yuno,,0,0,,diagnostic_only; no_auto_accept; no_auto_split,131.88163679233043,0.18329952673979846,32.12215947816109,6,5.353693246360181,0.35148624142308244,168
142,2,0,2,14,162,168,7,7,provisional,138.180969,6.006826381953999,,,,large_chi2_ndf,yuno,,0,0,,diagnostic_only; no_auto_accept; no_auto_split,138.260919618046,0.17771008461867074,31.95830351073584,6,5.326383918455973,0.38005226922724217,168
143,2,0,4,3,162,168,7,7,provisional,131.717636,2.212020281426078,,,,large_chi2_ndf,yuno,,0,0,,diagnostic_only; no_auto_accept; no_auto_split,131.38218628142607,0.1922823048053897,31.80166441977864,6,5.30027740329644,0.33498230114093547,168
144,2,0,7,27,162,168,7,7,provisional,133.899139,3.399787994014531,,,,large_chi2_ndf,yuno,,0,0,,diagnostic_only; no_auto_accept; no_auto_split,133.83585399401454,0.19974409085040723,31.788146161750536,6,5.298024360291756,0.3824267070846225,168
145,2,0,10,9,162,168,7,7,provisional,134.403137,3.0972893167330824,,,,large_chi2_ndf,yuno,,0,0,,diagnostic_only; no_auto_accept; no_auto_split,134.21023531673308,0.15687858491565462,31.723613523867183,6,5.2872689206445305,0.37975723566458536,168
146,2,0,2,21,162,168,7,7,provisional,133.407913,1.9128851191538274,,,,large_chi2_ndf,yuno,,0,0,,diagnostic_only; no_auto_accept; no_auto_split,133.84637211915384,0.18393674172222124,31.318196483426394,6,5.219699413904399,0.3823587832559998,168
147,2,0,3,27,162,168,7,7,provisional,136.291656,2.9733303390689514,,,,large_chi2_ndf,yuno,,0,0,,diagnostic_only; no_auto_accept; no_auto_split,137.29495533906896,0.20558596532503257,31.21429611330972,6,5.20238268555162,0.37961169943424744,168
148,2,0,5,2,162,168,7,7,provisional,134.357864,2.5778876969486646,,,,large_chi2_ndf,yuno,,0,0,,diagnostic_only; no_auto_accept; no_auto_split,134.49156869694866,0.19907421369645006,31.09851786755384,6,5.183086311258974,0.34259296935868516,168
149,2,0,9,21,162,168,7,7,provisional,139.595444,4.542725595834156,,,,large_chi2_ndf,yuno,,0,0,,diagnostic_only; no_auto_accept; no_auto_split,139.97982640416583,0.19135933444784317,31.035043109683926,6,5.172507184947321,0.3820546195758182,168
150,2,0,2,10,162,168,7,7,provisional,137.383194,2.3929968078674904,,,,large_chi2_ndf,yuno,,0,0,,diagnostic_only; no_auto_accept; no_auto_split,137.3031528078675,0.18246572101534522,31.013149144236934,6,5.168858190706156,0.3874629552733879,168
151,2,0,10,6,162,168,7,7,provisional,129.799408,2.826636344891199,,,,large_chi2_ndf,yuno,,0,0,,diagnostic_only; no_auto_accept; no_auto_split,129.2861716551088,0.18021439729044153,30.920352994708217,6,5.153392165784703,0.40347574657973767,168
152,2,1,6,8,162,168,7,7,provisional,131.068756,2.0561317506599437,,,,large_chi2_ndf,yuno,,0,0,,diagnostic_only; no_auto_accept; no_auto_split,131.50641875065995,0.18606911134519324,30.742116013634952,6,5.123686002272492,0.3919050121786166,168
153,2,0,3,16,162,168,7,7,provisional,135.940735,1.6816635572584744,,,,large_chi2_ndf,yuno,,0,0,,diagnostic_only; no_auto_accept; no_auto_split,136.37448855725847,0.17668953146453373,30.597455797838368,6,5.099575966306395,0.3881531006583505,168
154,2,1,1,25,162,168,7,7,provisional,133.620056,3.3288630408229665,,,,large_chi2_ndf,yuno,,0,0,,diagnostic_only; no_auto_accept; no_auto_split,134.31198704082297,0.23530988276038695,30.486108110471466,6,5.081018018411911,0.33933726932856084,168
155,2,0,11,2,162,168,7,7,provisional,126.907181,4.6051481067960935,,,,large_chi2_ndf,yuno,,0,0,,diagnostic_only; no_auto_accept; no_auto_split,126.56210310679609,0.2691624443118324,30.445077825763008,6,5.074179637627168,0.3098397763727241,168
156,2,0,6,29,162,168,7,7,provisional,130.622742,4.28817020470963,,,,large_chi2_ndf,yuno,,0,0,,diagnostic_only; no_auto_accept; no_auto_split,131.02069120470964,0.2071766720198302,30.42321086201095,6,5.070535143668492,0.3759285602797662,168
157,2,0,2,27,162,168,7,7,provisional,134.243225,2.405838801143801,,,,large_chi2_ndf,yuno,,0,0,,diagnostic_only; no_auto_accept; no_auto_split,134.7656108011438,0.18470458764600692,30.419940280582516,6,5.069990046763753,0.36868139512817055,168
158,2,0,11,9,162,168,7,7,provisional,130.818085,2.6276650729604683,,,,large_chi2_ndf,yuno,,0,0,,diagnostic_only; no_auto_accept; no_auto_split,130.80950407296046,0.19239230781316094,30.334250096825222,6,5.05570834947087,0.38475496198209475,168
159,2,1,4,26,162,168,7,7,provisional,137.113235,2.807766031555019,,,,large_chi2_ndf,yuno,,0,0,,diagnostic_only; no_auto_accept; no_auto_split,136.867107031555,0.2493633689546436,30.258166715900682,6,5.043027785983447,0.3336562036835897,168
160,2,0,5,31,162,168,7,7,provisional,132.51062,2.831170011643792,,,,large_chi2_ndf,yuno,,0,0,,diagnostic_only; no_auto_accept; no_auto_split,132.4186790116438,0.21304421999823883,30.215091261159074,6,5.035848543526512,0.3616740441587043,168
161,2,0,11,18,162,168,7,7,provisional,132.421188,1.9590760578898312,,,,large_chi2_ndf,yuno,,0,0,,diagnostic_only; no_auto_accept; no_auto_split,132.97637905788983,0.19119350827394055,30.160845969898,6,5.026807661649666,0.3844763643082912,168
162,2,0,3,17,162,168,7,7,provisional,136.532532,3.230031243923605,,,,large_chi2_ndf,yuno,,0,0,,diagnostic_only; no_auto_accept; no_auto_split,137.5372062439236,0.17832825080412004,30.08397443616451,6,5.013995739360752,0.38141636389034234,168
163,2,0,9,11,162,168,7,7,provisional,137.388138,2.8205945679531226,,,,large_chi2_ndf,yuno,,0,0,,diagnostic_only; no_auto_accept; no_auto_split,136.86389856795313,0.2034963743888251,30.049054039431066,6,5.008175673238511,0.37946807741815713,168
164,2,0,11,20,162,168,7,7,provisional,133.660812,1.337215888187842,,,,large_chi2_ndf,yuno,,0,0,,diagnostic_only; no_auto_accept; no_auto_split,134.53700611181216,0.20680919144000426,30.029725135126824,6,5.004954189187804,0.3764834211370457,168
165,2,1,1,6,162,168,7,0,manual_review,,,,,,insufficient_points,yuno,,0,0,,diagnostic_only; no_auto_accept; no_auto_split,,,,,,,
166,2,1,2,10,162,168,7,0,manual_review,,,,,,insufficient_points,yuno,,0,0,,diagnostic_only; no_auto_accept; no_auto_split,,,,,,,
