day,ew,pp,tt,manual_mpv,manual_mpv_error,auto_flag,source,source_stage,source_file
183,0,1,1,111.098152,1.202647,not_flagged,eloyd,manual_refit,RefitWork.txt
183,0,1,2,123.2257,0.782447,not_flagged,eloyd,manual_refit,RefitWork.txt
183,0,1,3,114.03862,1.000895,not_flagged,eloyd,manual_refit,RefitWork.txt
183,0,1,5,120.215004,0.796519,not_flagged,eloyd,manual_refit,RefitWork.txt
183,0,1,7,120.145096,0.636076,not_flagged,eloyd,manual_refit,RefitWork.txt
183,0,3,2,126.272736,0.667859,not_flagged,eloyd,manual_refit,RefitWork.txt
183,0,6,1,125.175575,1.075047,not_flagged,eloyd,manual_refit,RefitWork.txt
183,0,6,2,119.990395,0.935605,not_flagged,eloyd,manual_refit,RefitWork.txt
183,0,6,3,123.455933,0.861496,not_flagged,eloyd,manual_refit,RefitWork.txt
183,0,6,5,123.743294,0.6864,not_flagged,eloyd,manual_refit,RefitWork.txt
183,0,7,1,127.529472,0.755576,not_flagged,eloyd,manual_refit,RefitWork.txt
183,0,7,3,126.291664,0.646876,not_flagged,eloyd,manual_refit,RefitWork.txt
183,0,8,2,127.35498,0.853237,not_flagged,eloyd,manual_refit,RefitWork.txt
183,0,11,2,126.008461,0.954435,not_flagged,eloyd,manual_refit,RefitWork.txt
183,0,12,2,127.142303,0.826256,not_flagged,eloyd,manual_refit,RefitWork.txt
183,0,12,3,127.363129,0.838626,not_flagged,eloyd,manual_refit,RefitWork.txt
183,1,1,2,129.483002,0.841568,not_flagged,eloyd,manual_refit,RefitWork.txt
183,1,1,6,0.0,0.0,not_flagged,eloyd,manual_refit,RefitWork.txt
183,1,2,10,0.0,0.0,not_flagged,eloyd,manual_refit,RefitWork.txt
183,1,3,1,121.68837,0.933767,not_flagged,eloyd,manual_refit,RefitWork.txt
183,1,5,3,127.544296,0.995629,not_flagged,eloyd,manual_refit,RefitWork.txt
183,1,6,1,55.735142,0.3303,not_flagged,eloyd,manual_refit,RefitWork.txt
183,1,8,3,123.623306,0.856673,not_flagged,eloyd,manual_refit,RefitWork.txt
183,1,12,1,127.242889,0.781145,not_flagged,eloyd,manual_refit,RefitWork.txt
183,1,12,2,129.582794,0.865418,not_flagged,eloyd,manual_refit,RefitWork.txt
183,1,12,3,126.190231,0.739641,not_flagged,eloyd,manual_refit,RefitWork.txt
184,0,1,1,111.800423,0.832464,not_flagged,eloyd,manual_refit,RefitWork.txt
184,0,1,2,123.762451,0.664822,not_flagged,eloyd,manual_refit,RefitWork.txt
184,0,1,3,113.411476,1.073479,not_flagged,eloyd,manual_refit,RefitWork.txt
184,0,1,5,121.767166,0.559201,not_flagged,eloyd,manual_refit,RefitWork.txt
184,0,1,7,121.542732,0.477131,not_flagged,eloyd,manual_refit,RefitWork.txt
184,0,6,1,126.299988,0.761513,not_flagged,eloyd,manual_refit,RefitWork.txt
184,0,6,2,120.797729,0.722683,not_flagged,eloyd,manual_refit,RefitWork.txt
184,0,6,3,124.700554,0.789762,not_flagged,eloyd,manual_refit,RefitWork.txt
184,0,6,5,124.150406,0.516328,not_flagged,eloyd,manual_refit,RefitWork.txt
184,0,7,3,129.267258,0.559328,not_flagged,eloyd,manual_refit,RefitWork.txt
184,1,1,6,0.0,0.0,not_flagged,eloyd,manual_refit,RefitWork.txt
184,1,2,10,0.0,0.0,not_flagged,eloyd,manual_refit,RefitWork.txt
184,1,3,1,122.382141,0.647767,not_flagged,eloyd,manual_refit,RefitWork.txt
184,1,3,6,137.863571,0.491932,not_flagged,eloyd,manual_refit,RefitWork.txt
184,1,3,7,133.974869,0.555059,not_flagged,eloyd,manual_refit,RefitWork.txt
184,1,3,8,136.557098,0.480904,not_flagged,eloyd,manual_refit,RefitWork.txt
184,1,3,9,134.397446,0.559138,not_flagged,eloyd,manual_refit,RefitWork.txt
184,1,4,2,127.847061,0.80517,not_flagged,eloyd,manual_refit,RefitWork.txt
184,1,5,3,130.985703,0.827541,not_flagged,eloyd,manual_refit,RefitWork.txt
184,1,6,1,55.020885,0.295865,not_flagged,eloyd,manual_refit,RefitWork.txt
184,1,8,3,123.939865,0.800605,not_flagged,eloyd,manual_refit,RefitWork.txt
184,1,12,1,126.404533,1.006363,not_flagged,eloyd,manual_refit,RefitWork.txt
185,0,1,1,113.902382,1.380727,not_flagged,eloyd,manual_refit,RefitWork.txt
185,0,1,2,122.903053,1.403118,not_flagged,eloyd,manual_refit,RefitWork.txt
185,0,1,3,113.3116,1.351255,not_flagged,eloyd,manual_refit,RefitWork.txt
185,0,1,5,121.689972,0.955741,not_flagged,eloyd,manual_refit,RefitWork.txt
185,0,1,7,118.898567,0.807361,not_flagged,eloyd,manual_refit,RefitWork.txt
185,0,6,1,126.91275,1.208093,not_flagged,eloyd,manual_refit,RefitWork.txt
185,0,6,2,124.782021,1.131816,not_flagged,eloyd,manual_refit,RefitWork.txt
185,0,6,3,125.694214,0.955015,not_flagged,eloyd,manual_refit,RefitWork.txt
185,0,6,5,123.641518,0.880914,not_flagged,eloyd,manual_refit,RefitWork.txt
185,0,7,3,129.469788,1.19688,not_flagged,eloyd,manual_refit,RefitWork.txt
185,1,1,6,0.0,0.0,not_flagged,eloyd,manual_refit,RefitWork.txt
185,1,2,10,0.0,0.0,not_flagged,eloyd,manual_refit,RefitWork.txt
185,1,3,1,123.088463,1.073935,not_flagged,eloyd,manual_refit,RefitWork.txt
185,1,4,2,128.658096,0.880334,not_flagged,eloyd,manual_refit,RefitWork.txt
185,1,6,1,55.530262,0.331301,not_flagged,eloyd,manual_refit,RefitWork.txt
185,1,8,3,125.220795,0.96637,not_flagged,eloyd,manual_refit,RefitWork.txt
185,1,12,1,126.810524,1.682479,not_flagged,eloyd,manual_refit,RefitWork.txt
185,1,12,2,130.001495,1.198929,not_flagged,eloyd,manual_refit,RefitWork.txt
185,1,12,3,129.34256,0.943683,not_flagged,eloyd,manual_refit,RefitWork.txt
186,0,1,1,113.936501,0.734872,not_flagged,eloyd,manual_refit,RefitWork.txt
186,0,1,2,124.098427,0.478605,not_flagged,eloyd,manual_refit,RefitWork.txt
186,0,1,3,114.501732,0.772508,not_flagged,eloyd,manual_refit,RefitWork.txt
186,0,1,5,122.047554,0.504841,not_flagged,eloyd,manual_refit,RefitWork.txt
186,0,1,7,120.894035,0.385233,not_flagged,eloyd,manual_refit,RefitWork.txt
186,0,6,1,126.510658,0.617589,not_flagged,eloyd,manual_refit,RefitWork.txt
186,0,6,2,124.290215,0.662142,not_flagged,eloyd,manual_refit,RefitWork.txt
186,0,6,3,126.938843,0.538677,not_flagged,eloyd,manual_refit,RefitWork.txt
186,0,6,5,125.551888,0.462241,not_flagged,eloyd,manual_refit,RefitWork.txt
186,0,7,3,128.01207,0.422748,not_flagged,eloyd,manual_refit,RefitWork.txt
186,1,1,6,0.0,0.0,not_flagged,eloyd,manual_refit,RefitWork.txt
186,1,2,10,0.0,0.0,not_flagged,eloyd,manual_refit,RefitWork.txt
186,1,3,1,124.397072,0.561362,not_flagged,eloyd,manual_refit,RefitWork.txt
186,1,5,3,130.21817,0.454847,not_flagged,eloyd,manual_refit,RefitWork.txt
186,1,6,1,55.42474,0.174758,not_flagged,eloyd,manual_refit,RefitWork.txt
186,1,8,3,123.076378,0.46267,not_flagged,eloyd,manual_refit,RefitWork.txt
186,1,12,1,131.453415,0.560487,not_flagged,eloyd,manual_refit,RefitWork.txt
186,1,12,3,127.213806,0.435492,not_flagged,eloyd,manual_refit,RefitWork.txt
189,0,1,1,113.812256,1.119845,not_flagged,eloyd,manual_refit,RefitWork.txt
189,0,1,2,123.571243,0.777089,not_flagged,eloyd,manual_refit,RefitWork.txt
189,0,1,3,116.589684,1.098326,not_flagged,eloyd,manual_refit,RefitWork.txt
189,0,1,5,122.038506,0.715142,not_flagged,eloyd,manual_refit,RefitWork.txt
189,0,1,7,120.605659,0.604521,not_flagged,eloyd,manual_refit,RefitWork.txt
189,0,6,1,126.843132,0.968169,not_flagged,eloyd,manual_refit,RefitWork.txt
189,0,6,2,123.180664,0.906142,not_flagged,eloyd,manual_refit,RefitWork.txt
189,0,6,3,124.805176,0.753246,not_flagged,eloyd,manual_refit,RefitWork.txt
189,0,6,5,125.130447,0.686079,not_flagged,eloyd,manual_refit,RefitWork.txt
189,0,7,3,131.32309,0.644144,not_flagged,eloyd,manual_refit,RefitWork.txt
189,1,1,6,0.0,0.0,not_flagged,eloyd,manual_refit,RefitWork.txt
189,1,2,10,0.0,0.0,not_flagged,eloyd,manual_refit,RefitWork.txt
189,1,3,1,123.342697,0.849839,not_flagged,eloyd,manual_refit,RefitWork.txt
189,1,5,2,127.290489,0.642574,not_flagged,eloyd,manual_refit,RefitWork.txt
189,1,5,3,129.596252,0.702253,not_flagged,eloyd,manual_refit,RefitWork.txt
189,1,6,1,55.199959,0.277066,not_flagged,eloyd,manual_refit,RefitWork.txt
189,1,8,3,122.560539,0.762639,not_flagged,eloyd,manual_refit,RefitWork.txt
189,1,12,1,128.871506,0.791388,not_flagged,eloyd,manual_refit,RefitWork.txt
189,1,12,2,128.203964,0.63622,not_flagged,eloyd,manual_refit,RefitWork.txt
179,0,6,2,116.311577,1.289942,not_flagged,ding,manual_refit,NmipConstantsFix.txt
166,1,2,23,131.714539,0.634996,not_flagged,yuno,manual_correction,NmipConstantsDay162_168_changed.txt
